event_id,panda_slug,event_type,event_date,event_date_precision,location,related_slugs,source_ids,evidence_status,review_status,notes
evt_bao_li_birth,bao-li,birth,2021-08-04,day,"China Conservation and Research Center for the Giant Panda, Sichuan",an-an;bao-bao,src_smithsonian_giant_panda_faq,verified,draft,
evt_qing_bao_birth,qing-bao,birth,2021-09-12,day,"China Conservation and Research Center for the Giant Panda, Sichuan",qing-qing;jia-mei,src_smithsonian_giant_panda_faq,verified,draft,
evt_smithsonian_2023_departure,xiao-qi-ji,transfer,2023-11-08,day,Smithsonian National Zoo to China,tian-tian;mei-xiang,src_smithsonian_history,verified,draft,"Tian Tian, Mei Xiang, and Xiao Qi Ji departed Smithsonian together."
evt_sandiego_pair_selected,yun-chuan,selection,2024-04-27,day,China Conservation and Research Center for the Giant Panda,xin-bao,src_china_gov_sandiego,verified,draft,Pair selected for San Diego Zoo cooperation.
evt_zooatlanta_lun_lun_birth,lun-lun,birth,1997-08-25,day,"Chengdu Research Base of Giant Panda Breeding, China",,src_zooatlanta_lun_lun,verified,approved,Official profile records birth date and birthplace.
evt_zooatlanta_lun_lun_arrival,lun-lun,arrival,1999-11-05,day,Zoo Atlanta,yang-yang,src_zooatlanta_lun_lun,verified,approved,Official profile records the start of the Atlanta residency.
evt_zooatlanta_2024_return,lun-lun,transfer,2024-10-12,day,Zoo Atlanta to Chengdu Research Base of Giant Panda Breeding,yang-yang;ya-lun;xi-lun,src_zooatlanta_lun_lun;src_zooatlanta_arrival_china_2024,verified,approved,Shared return is represented once in Public Release; this direct curation row counts only for Lun Lun.
evt_zooatlanta_yang_yang_birth,yang-yang,birth,1997-09-09,day,"Chengdu Research Base of Giant Panda Breeding, China",,src_zooatlanta_yang_yang,verified,approved,Official profile records birth date and birthplace.
evt_zooatlanta_yang_yang_arrival,yang-yang,arrival,1999-11-05,day,Zoo Atlanta,lun-lun,src_zooatlanta_yang_yang,verified,approved,Official profile records the start of the Atlanta residency.
evt_zooatlanta_yang_yang_return,yang-yang,transfer,2024-10-12,day,Zoo Atlanta to Chengdu Research Base of Giant Panda Breeding,lun-lun;ya-lun;xi-lun,src_zooatlanta_yang_yang;src_zooatlanta_arrival_china_2024,verified,approved,Curation-only direct row; normalized Public Release uses the shared multi-participant return event.
evt_zooatlanta_ya_lun_birth,ya-lun,birth,2016-09-03,day,Zoo Atlanta,lun-lun;yang-yang;xi-lun,src_zooatlanta_cubs_birth;src_zooatlanta_twins_names,verified,approved,"Official sources record birth date, sex, twin, and parents."
evt_zooatlanta_ya_lun_public_debut,ya-lun,public_debut,2016-12-27,day,Zoo Atlanta,lun-lun;xi-lun,src_zooatlanta_2016_public_debut,verified,approved,First reviewed public dayroom milestone.
evt_zooatlanta_ya_lun_return,ya-lun,transfer,2024-10-12,day,Zoo Atlanta to Chengdu Research Base of Giant Panda Breeding,lun-lun;yang-yang;xi-lun,src_zooatlanta_arrival_china_2024,verified,approved,Curation-only direct row; normalized Public Release uses the shared multi-participant return event.
evt_zooatlanta_2026_pair_expected,ping-ping,announcement,2026-04-23,day,Zoo Atlanta announcement,fu-shuang,src_zooatlanta_2026_pair,partial,draft,Expected arrival announcement; exact arrival date not yet captured.
evt_fubao_birth,fu-bao,birth,2020-07-20,day,"Everland Panda World, Yongin, Republic of Korea",ai-bao;le-bao,src_everland_fubao_first_birthday,verified,draft,
evt_fubao_public_china,fu-bao,public_debut,2024-06-12,day,"Shenshuping giant panda base, Wolong National Nature Reserve, Sichuan",,src_china_gov_fubao_public,verified,draft,Public debut in China after quarantine and adaptation.
evt_everland_twins_birth,lui-bao,birth,2023-07-07,day,"Everland Panda World, Yongin, Republic of Korea",hui-bao;ai-bao;le-bao,src_everland_twins_birth,verified,draft,Twin girls Lui Bao and Hui Bao.
evt_hk_twins_birth,jia-jia-hk,birth,2024-08-15,day,Ocean Park Hong Kong,de-de;ying-ying;le-le-hk,src_oceanpark_twins_birth;src_oceanpark_twins_named,verified,draft,Hong Kong's first locally born giant panda twins.
evt_hk_twins_named,jia-jia-hk,naming,2025-05-27,day,Ocean Park Hong Kong,de-de,src_oceanpark_twins_named,verified,draft,Official names Jia Jia and De De announced.
evt_ananke_arrival,an-an-hk-2024,arrival,2024-09-26,day,Ocean Park Hong Kong,ke-ke,src_oceanpark_ananke_arrival,verified,draft,An An and Ke Ke arrived in Hong Kong.
evt_belgium_three_return,tian-bao,transfer,2024-12-10,day,"Pairi Daiza, Belgium to Bifengxia, Sichuan",bao-di;bao-mei,src_china_gov_belgium_return,partial,draft,Three Belgium-born pandas returned to China.
evt_pairi_haohao_return_2025,hao-hao,transfer,2025-12-04,day,"Pairi Daiza, Belgium to CCRCGP Wolong Shenshuping Base, Sichuan",xing-hui,src_pairi_twins_named;src_chinadaily_haohao_return_2025,verified,draft,Hao Hao returned to China for specialized medical treatment; Xing Hui remained at Pairi Daiza.
evt_hehua_heye_birth,he-hua,birth,2020-07-04,day,Chengdu Research Base of Giant Panda Breeding,he-ye;mei-lan;cheng-gong,src_xinhua_hehua_birthday;src_chinadaily_hehua_birthday;src_chengdu_base_about;src_maigoo_hehua_profile,partial,draft,Birth date confirmed by official-media reports; parent links still need holder/studbook source.
evt_chengdu_2022_cub_names,huan-cai,naming,2022-12-29,day,"Chengdu Research Base of Giant Panda Breeding, China",bei-chen;jia-xin-chengdu;ai-lin;ai-si;wen-jing-chengdu;chao-chao-chengdu;nao-nao;ke-nian;zheng-yu;bei-xia;jiao-yi;ji-ran;fu-wan;fu-ru,src_gmw_chengdu_2022_cub_names,partial,draft,Public repost of Chengdu Base 2022-class cub names; keep as naming/discovery event until direct official profile pages are captured.
evt_chengdu_2022_cubs_debut,huan-cai,public_debut,2022-12-29,day,"Chengdu Research Base of Giant Panda Breeding, China",bei-chen;jia-xin-chengdu;ai-lin;ai-si;wen-jing-chengdu;chao-chao-chengdu;nao-nao;ke-nian;zheng-yu;bei-xia;jiao-yi;ji-ran,src_chengdu_2022_cubs_debut,verified,draft,Official Chengdu Base article says 13 half-year-old 2022-class cubs debuted for New Year.
evt_fuwan_furu_birth,fu-wan,birth,2022-08-29,day,"Chengdu Research Base of Giant Panda Breeding, China",fu-ru;fu-lu,src_gmw_chengdu_2022_cub_names,partial,draft,Fu Wan and Fu Ru twin birth details need direct holder profile or studbook source before approval.
evt_furu_death,fu-ru,death,2024-08-16,day,"Chengdu Research Base of Giant Panda Breeding, China",,src_chengdu_furu_death_2024,verified,draft,Official Chengdu Base notice reports Fu Ru died in the early morning after treatment for illness.
evt_ccrcgp_2025_first_cub_birth,unnamed-linglang-2025,birth,2025-06-21,day,"CCRCGP Wolong Shenshuping Base, Sichuan, China",ling-lang;ya-xing,src_ccrcgp_2025_first_cub,verified,draft,Ling Lang gave birth to CCRCGP's first 2025 cub at 23:50.
evt_ccrcgp_2025_birthday_activity,bei-bei,public_event,2025-07-17,day,"CCRCGP Wolong Shenshuping Base, Sichuan, China",xiao-qi-ji;fu-bao,src_ccrcgp_2025_birthday_season,verified,draft,"Xinhua birthday-season report places Bei Bei, Xiao Qi Ji, and Fu Bao at Wolong Shenshuping Base."
evt_qinling_qizai_rescue,qi-zai,rescue,2009-11-01,day,"Foping National Nature Reserve, Shaanxi, China",,src_cctv_qizai_adoption_2019,verified,draft,Qizai was rescued as a brown giant panda cub in Foping.
evt_qinling_qizai_adoption,qi-zai,adoption,2019-11-20,day,"Qinling Giant Panda Breeding and Research Center, Shaanxi, China",,src_cctv_qizai_adoption_2019,verified,draft,Pandas International adopted Qizai for lifetime sponsorship.
evt_lousheng_birth,lou-sheng,birth,2003-08-02,day,"Qinling Giant Panda Research Center, Shaanxi, China",xue-xue-qinling;ping-ping-qinling,src_chinanews_lousheng_birthday_2023,verified,draft,Lou Sheng's birth marked the center's first successful artificial breeding.
evt_qinqin_10th_birthday,qin-qin-qinling,public_event,2023-07-18,day,"Qinling Giant Panda Research Center, Shaanxi, China",,src_chinaeco_qinqin_2023,partial,draft,Shaanxi Daily report says Qin Qin celebrated her 10th birthday and had twins in 2020 and 2022.
evt_beauval_yuanmeng_birth,yuan-meng,birth,2017-08-04,day,"ZooParc de Beauval, France",huan-huan;yuan-zi,src_beauval_cubs_2021;src_beauval_saga,verified,draft,
evt_beauval_twins_birth,yuandudu,birth,2021-08-02,day,"ZooParc de Beauval, France",huanlili;huan-huan;yuan-zi,src_beauval_saga,verified,draft,
evt_beauval_adults_return,huan-huan,transfer,2025-11-25,day,"ZooParc de Beauval to Chengdu Conservation Center, China",yuan-zi,src_beauval_saga,verified,draft,
evt_ueno_xiangxiang_return,xiang-xiang,transfer,2023-02-21,day,Ueno Zoo to China,,src_ueno_xiangxiang_return,verified,draft,
evt_ueno_riri_birth,ri-ri,birth,2005-08-16,day,"Wolong Conservation Center, China",,src_ueno_return_riri_shinshin;src_tokyo_zoo_ueno_panda_history,verified,approved,"Official Ueno records confirm birth date, sex, and Chinese origin."
evt_ueno_riri_arrival,ri-ri,arrival,2011-02-21,day,"Ueno Zoo, Tokyo, Japan",shin-shin,src_ueno_return_riri_shinshin;src_tokyo_zoo_ueno_panda_history,verified,approved,Official records confirm the 2011 arrival at Ueno Zoo.
evt_ueno_riri_shinshin_return,ri-ri,transfer,2024-09-29,day,"Ueno Zoo to Bifengxia Base, China",shin-shin,src_ueno_return_riri_shinshin;src_gpg_yaan_base_profiles,verified,approved,Shared return is represented once in Public Release; this direct curation row counts only for Ri Ri.
evt_ueno_shinshin_birth,shin-shin,birth,2005-07-03,day,"Wolong Conservation Center, China",,src_ueno_return_riri_shinshin;src_tokyo_zoo_ueno_panda_history,verified,approved,"Official Ueno records confirm birth date, sex, and Chinese origin."
evt_ueno_shinshin_arrival,shin-shin,arrival,2011-02-21,day,"Ueno Zoo, Tokyo, Japan",ri-ri,src_ueno_return_riri_shinshin;src_tokyo_zoo_ueno_panda_history,verified,approved,Official records confirm the 2011 arrival at Ueno Zoo.
evt_ueno_shinshin_return,shin-shin,transfer,2024-09-29,day,"Ueno Zoo to Bifengxia Base, China",ri-ri,src_ueno_return_riri_shinshin;src_gpg_yaan_base_profiles,verified,approved,Curation-only direct row; normalized Public Release uses the shared multi-participant return event.
evt_ueno_1972_arrival,kang-kang-ueno,arrival,1972-10-28,day,"Ueno Zoo, Tokyo, Japan",lan-lan-ueno,src_tokyo_zoo_ueno_panda_history;src_tokyo_zoo_ueno_about;src_icom_ueno_panda_forest,verified,draft,Official Ueno history records Kang Kang and Lan Lan arrival on 1972-10-28.
evt_tongtong_birth,tong-tong,birth,1986-06-01,day,"Ueno Zoo, Tokyo, Japan",fei-fei-ueno;huan-huan-ueno,src_tokyo_zoo_ueno_panda_history;src_icom_ueno_panda_forest;src_gpg_ueno_profiles,verified,draft,Official Ueno history confirms Tong Tong birth date and parents.
evt_youyou_ueno_birth,you-you-ueno,birth,1988-06-23,day,"Ueno Zoo, Tokyo, Japan",fei-fei-ueno;huan-huan-ueno,src_tokyo_zoo_ueno_panda_history;src_icom_ueno_panda_forest;src_gpg_ueno_profiles,verified,draft,Official Ueno history confirms You You birth date and parents.
evt_lingling_ueno_death,ling-ling-ueno,death,2008-04-30,day,"Ueno Zoo, Tokyo, Japan",,src_tokyo_zoo_ueno_panda_history;src_gpg_ueno_profiles,verified,draft,Official Ueno history records Ling Ling's 2008-04-30 death.
evt_ueno_xiaoxiao_birth,xiao-xiao,birth,2021-06-23,day,"Ueno Zoo, Tokyo, Japan",lei-lei;ri-ri;shin-shin,src_tokyo_zoo_ueno_panda_history;src_ueno_twins_names_2021,verified,approved,"Official Ueno records confirm the twin birth, sex, and parents."
evt_ueno_xiaoxiao_named,xiao-xiao,naming,2021-10-08,day,"Ueno Zoo, Tokyo, Japan",lei-lei,src_ueno_twins_names_2021,verified,approved,Official announcement records the twins' names and sexes.
evt_xiaolei_return_2026,xiao-xiao,transfer,2026-01-28,day,"Ueno Zoo to CCRCGP Ya'an Base, China",lei-lei,src_ueno_xiaolei_return_2026,verified,approved,Shared return is represented once in Public Release; this direct curation row counts only for Xiao Xiao.
evt_ueno_leilei_birth,lei-lei,birth,2021-06-23,day,"Ueno Zoo, Tokyo, Japan",xiao-xiao;ri-ri;shin-shin,src_tokyo_zoo_ueno_panda_history;src_ueno_twins_names_2021,verified,approved,"Official Ueno records confirm the twin birth, sex, and parents."
evt_ueno_leilei_named,lei-lei,naming,2021-10-08,day,"Ueno Zoo, Tokyo, Japan",xiao-xiao,src_ueno_twins_names_2021,verified,approved,Official announcement records the twins' names and sexes.
evt_ueno_leilei_return_2026,lei-lei,transfer,2026-01-28,day,"Ueno Zoo to CCRCGP Ya'an Base, China",xiao-xiao,src_ueno_xiaolei_return_2026,verified,approved,Curation-only direct row; normalized Public Release uses the shared twin return event.
evt_adventure_1988_loan_arrival,qing-qing-adventure,arrival,1988-09-19,day,"Adventure World, Shirahama, Japan",cheng-cheng-adventure,src_adventure_timeline;src_gpg_adventure_profiles,partial,draft,Exact arrival date from secondary database; official timeline confirms the 1988 short-term panda exhibit.
evt_adventure_1994_pair_arrival,eimei,arrival,1994-09-06,day,"Adventure World, Shirahama, Japan",youhin-1992,src_adventure_profiles;src_adventure_timeline;src_gpg_adventure_profiles,verified,draft,Eimei and Youhin arrived for the long-term breeding research project.
evt_youhin_adventure_death,youhin-1992,death,1997-07-17,day,"Adventure World, Shirahama, Japan",,src_adventure_profiles;src_adventure_timeline;src_gpg_adventure_profiles,verified,draft,Founding Adventure World female Youhin died in 1997.
evt_rauhin_birth,rauhin,birth,2000-09-06,day,"Adventure World, Shirahama, Japan",meimei,src_adventure_profiles;src_adventure_timeline,verified,draft,First giant panda cub born at Adventure World.
evt_adventure_yuhin2001_birth,yuhin-2001,birth,2001-12-17,day,"Adventure World, Shirahama, Japan",eimei;meimei,src_adventure_profiles;src_adventure_timeline;src_gpg_adventure_profiles,verified,draft,Adventure World male Yuhin birth.
evt_adventure_2003_twins_birth,ryuhin,birth,2003-09-08,day,"Adventure World, Shirahama, Japan",shuhin;eimei;meimei,src_adventure_profiles;src_adventure_timeline;src_gpg_adventure_profiles,verified,draft,Ryuhin and Shuhin twin birth.
evt_adventure_kouhin_birth,kouhin,birth,2005-08-23,day,"Adventure World, Shirahama, Japan",eimei;meimei,src_adventure_profiles;src_adventure_timeline;src_gpg_adventure_profiles,verified,draft,Kouhin birth at Adventure World.
evt_adventure_2006_twins_birth,aihin,birth,2006-12-23,day,"Adventure World, Shirahama, Japan",meihin-2006;eimei;meimei,src_adventure_profiles;src_adventure_timeline;src_gpg_adventure_profiles,verified,draft,Aihin and Meihin twin birth.
evt_meimei_death,meimei,death,2008-10-15,day,"Adventure World, Shirahama, Japan",,src_adventure_profiles;src_adventure_timeline,verified,draft,Meimei died at Adventure World.
evt_adventure_2008_twins_birth,meihin-2008,birth,2008-09-13,day,"Adventure World, Shirahama, Japan",eihin;eimei;rauhin,src_adventure_profiles;src_adventure_timeline;src_gpg_adventure_profiles,verified,draft,Meihin and Eihin twin birth.
evt_adventure_2010_twins_birth,kaihin,birth,2010-08-11,day,"Adventure World, Shirahama, Japan",youhin-2010;eimei;rauhin,src_adventure_profiles;src_adventure_timeline;src_gpg_adventure_profiles,verified,draft,Kaihin and Youhin twin birth.
evt_adventure_yuhin2012_birth,yuhin-2012,birth,2012-08-10,day,"Adventure World, Shirahama, Japan",eimei;rauhin,src_adventure_profiles;src_adventure_timeline;src_gpg_adventure_profiles,verified,draft,Female Yuhin birth at Adventure World.
evt_adventure_2014_twins_birth,ouhin,birth,2014-12-02,day,"Adventure World, Shirahama, Japan",touhin;eimei;rauhin,src_adventure_profiles;src_adventure_naming;src_adventure_timeline;src_gpg_adventure_profiles,verified,draft,Ouhin and Touhin twin birth.
evt_adventure_yuihin_birth,yuihin,birth,2016-09-18,day,"Adventure World, Shirahama, Japan",eimei;rauhin,src_adventure_profiles;src_adventure_naming;src_adventure_timeline;src_gpg_adventure_profiles,verified,draft,Yuihin birth at Adventure World.
evt_adventure_saihin_birth,saihin,birth,2018-08-14,day,"Adventure World, Shirahama, Japan",eimei;rauhin,src_adventure_profiles;src_adventure_naming;src_adventure_timeline;src_gpg_adventure_profiles,verified,draft,Saihin birth at Adventure World.
evt_adventure_fuhin_birth,fuhin,birth,2020-11-22,day,"Adventure World, Shirahama, Japan",eimei;rauhin,src_adventure_profiles;src_adventure_naming;src_adventure_timeline;src_gpg_adventure_profiles,verified,draft,Fuhin birth at Adventure World.
evt_adventure_2023_return,eimei,transfer,2023-02-22,day,"Adventure World to Chengdu Panda Base, China",ouhin;touhin,src_adventure_timeline;src_gpg_adventure_profiles,partial,draft,Official timeline gives February 2023; exact day from secondary database.
evt_eimei_death,eimei,death,2025-01-25,day,"Chengdu Panda Base, China",,src_adventure_profiles;src_adventure_timeline;src_gpg_adventure_profiles,verified,draft,Eimei died after returning to China.
evt_adventure_2025_return,rauhin,transfer,2025-06-28,day,"Adventure World to Chengdu base, China",yuihin;saihin;fuhin,src_adventure_timeline;src_adventure_return_2025,verified,draft,Four Adventure World pandas left for China.
evt_berlin_2019_twins_birth,meng-xiang,birth,2019-08-31,day,"Zoo Berlin, Germany",meng-yuan;meng-meng;jiao-qing,src_berlin_2019_birth;src_berlin_twins_named,verified,draft,Germany's first panda offspring.
evt_berlin_2024_twins_birth,meng-hao,birth,2024-08-22,day,"Zoo Berlin, Germany",meng-tian;meng-meng;jiao-qing,src_berlin_twins_named,verified,draft,Second pair of panda twins born in Germany.
evt_berlin_2019_twins_return,meng-xiang,transfer,,month,"Zoo Berlin to Chengdu Panda Base, China",meng-yuan,src_berlin_twins_named;src_berlin_2019_return_context,partial,draft,Source gives month only; keep exact day blank until confirmed.
evt_fanxing_birth,fan-xing,birth,2020-05-01,day,"Ouwehands Dierenpark, Netherlands",xing-ya;wu-wen,src_ouwehands_fanxing_departure,verified,draft,
evt_fanxing_return,fan-xing,transfer,2023-09-27,day,Ouwehands Dierenpark to China,,src_ouwehands_fanxing_departure,verified,draft,
evt_ouwehands_langyue_twins_birth,lang-yue,birth,2024-07-12,day,"Ouwehands Dierenpark, Netherlands",unnamed-ouwehands-2024-twin;xing-ya;wu-wen,src_ouwehands_langyue_birth;src_ouwehands_langyue_name,verified,draft,Wu Wen gave birth to Lang Yue and a second non-surviving twin.
evt_ouwehands_langyue_named,lang-yue,naming,2024-10-21,day,"Ouwehands Dierenpark, Netherlands",,src_ouwehands_langyue_name,verified,draft,Lang Yue name announced after public voting.
evt_ouwehands_langyue_public_debut,lang-yue,public_debut,2025-01-14,day,"Ouwehands Dierenpark, Netherlands",wu-wen,src_ouwehands_langyue_public_debut,verified,draft,Lang Yue was scheduled for first public indoor viewing on 2025-01-14.
evt_madrid_2024_return,hua-zui-ba,transfer,2024-02-29,day,Zoo Aquarium Madrid to Chengdu Giant Panda Breeding Base,bing-xing;chulina;you-you-madrid;jiu-jiu,src_madrid_family_farewell;src_madrid_return_2024,verified,draft,Five Madrid pandas returned together.
evt_madrid_twins_2021_birth,you-you-madrid,birth,2021-09-06,day,"Zoo Aquarium Madrid, Spain",jiu-jiu;hua-zui-ba;bing-xing,src_madrid_twins_named;src_madrid_twins_sex,verified,draft,
evt_adelaide_old_pair_return,wang-wang,transfer,2024-11-15,day,Adelaide Zoo to China,fu-ni,src_gpg_adelaide_profiles,needs_primary_source,draft,Return date from secondary database; primary official departure/arrival source still needed.
evt_adelaide_new_pair_arrival,xing-qiu,arrival,2024-12-15,day,"Adelaide Zoo, Australia",yi-lan,src_adelaide_new_pandas;src_adelaide_new_arrival;src_gpg_adelaide_profiles,partial,draft,Official source confirms arrival before Christmas; exact day from secondary database.
evt_adelaide_new_pair_public_debut,xing-qiu,public_debut,2025-01-21,day,"Adelaide Zoo, Australia",yi-lan,src_adelaide_new_pandas;src_adelaide_pair_profile,verified,draft,Xing Qiu and Yi Lan were publicly introduced at Adelaide Zoo.
evt_edinburgh_2011_arrival,yang-guang,arrival,2011-12-04,day,"Edinburgh Zoo, United Kingdom",tian-tian-edinburgh,src_edinburgh_pandas_profile;src_gpg_edinburgh_profiles,verified,draft,Yang Guang and Tian Tian arrived at Edinburgh Zoo.
evt_edinburgh_2023_return,yang-guang,transfer,2023-12-04,day,Edinburgh Zoo to China,tian-tian-edinburgh,src_edinburgh_departure_2023;src_edinburgh_pandas_profile,verified,draft,Yang Guang and Tian Tian left Edinburgh Zoo on the same date.
evt_yaya_return,ya-ya,transfer,2023-04-27,day,Memphis Zoo to China,,src_memphis_pandas_memorial;src_chinadaily_yaya_return,partial,draft,Exact transit date should be reconciled across Memphis and China arrival reports.
evt_lele_death,le-le-memphis,death,2023-02-01,day,"Memphis Zoo, Memphis, Tennessee, United States",,src_chinaorg_lele_death;src_ap_lele_death;src_gpg_lele_memphis_profile,partial,draft,AP reports Le Le died on Wednesday before the 2023-02-03 announcement and GPG gives 2023-02-01; retain partial because reports use inconsistent shorthand.
evt_beijing_gugu_birth,gu-gu,birth,1999-09-25,day,China,pan-pan-beijing;tang-tang,src_visitbeijing_beijing_zoo_family_2023,verified,draft,Beijing Zoo family guide records Gu Gu birth date and parents.
evt_beijing_mengmeng_birth,meng-meng-beijing,birth,2006-09-13,day,China,ling-ling-beijing;ying-ying-beijing,src_visitbeijing_beijing_zoo_family_2023,verified,draft,Beijing Zoo family guide records Meng Meng birth date and parents.
evt_beijing_mengda_menger_birth,meng-da,birth,2013-08-22,day,China,meng-er;yong-yong-beijing;meng-meng-beijing,src_visitbeijing_beijing_zoo_family_2023,verified,draft,Meng Da and Meng Er twin birth.
evt_beijing_menglan_birth,meng-lan,birth,2015-07-04,day,"Chengdu Research Base of Giant Panda Breeding, China",mei-lan;meng-meng-beijing,src_visitbeijing_menglan_diandian;src_visitbeijing_beijing_zoo_family_2023,verified,draft,Beijing Zoo family guide confirms Meng Lan parents.
evt_beijing_diandian_birth,dian-dian,birth,2015-06-20,day,"China Conservation and Research Center for the Giant Panda, China",ying-hua,src_visitbeijing_menglan_diandian;src_visitbeijing_beijing_zoo_family_2023,partial,draft,Father not captured yet.
evt_beijing_menglan_diandian_display,meng-lan,public_debut,2017-10-16,day,"Beijing Zoo, China",dian-dian,src_visitbeijing_menglan_diandian;src_visitbeijing_beijing_zoo_family_2023,verified,draft,Meng Lan and Dian Dian began public display at Beijing Zoo.
evt_beijing_fuxing_birth,fu-xing,birth,2017-06-25,day,China,lu-lu-beijing;ying-hua,src_visitbeijing_beijing_zoo_family_2023,verified,draft,Beijing Zoo family guide records Fu Xing birth date and parents.
evt_beijing_mengbao_mengyu_birth,meng-bao,birth,2018-05-23,day,China,meng-yu;mei-lan;meng-meng-beijing,src_visitbeijing_beijing_zoo_family_2023,verified,draft,Meng Bao and Meng Yu twin birth.
evt_beijing_baitian_birth,bai-tian,birth,2018-08-20,day,China,lu-lu-beijing;xiao-bai-tu,src_visitbeijing_beijing_zoo_family_2023,verified,draft,Beijing Zoo family guide records Bai Tian birth date and parents.
evt_beijing_jinian_fujiang_arrival_2025,ji-nian,arrival,2025-09-06,day,"Beijing Zoo, China",fu-jiang,src_sichuan_beijing_panda_transfer_2025,verified,draft,Ji Nian and Fu Jiang arrived at Beijing Zoo from CCRCGP Bifengxia Base.
evt_beijing_mengbao_mengyu_return_2025,meng-bao,transfer,2025-09-25,day,"Beijing Zoo to China Conservation and Research Center for the Giant Panda, Sichuan",meng-yu,src_sichuan_beijing_panda_transfer_2025,verified,draft,Meng Bao and Meng Yu arrived in Sichuan and began a new life at CCRCGP.
evt_moscow_pair_arrival_2019,ru-yi,arrival,2019-04-29,day,"Moscow Zoo, Russia",ding-ding,src_xinhua_moscow_birthdays;src_gpg_moscow_profiles,verified,draft,Ru Yi and Ding Ding arrived in Moscow for a 15-year joint research program.
evt_katyusha_birth,katyusha,birth,2023-08-24,day,"Moscow Zoo, Russia",ru-yi;ding-ding,src_xinhua_katyusha_birth;src_ecns_katyusha_birthday,verified,draft,Russia's first giant panda cub.
evt_katyusha_named,katyusha,naming,2024-01-03,day,"Moscow Zoo, Russia",,src_xinhua_katyusha_named,verified,draft,Katyusha name selected through public vote.
evt_vienna_fulong_birth,fu-long,birth,2007-08-23,day,"Vienna Zoo, Austria",long-hui;yang-yang-vienna,src_vienna_panda_baby;src_vienna_fulong_fuhu_birthday,verified,draft,
evt_vienna_fuhu_birth,fu-hu,birth,2010-08-23,day,"Vienna Zoo, Austria",long-hui;yang-yang-vienna,src_vienna_panda_baby;src_vienna_fulong_fuhu_birthday,verified,draft,
evt_vienna_fubao_birth,fu-bao-vienna,birth,2013-08-14,day,"Vienna Zoo, Austria",long-hui;yang-yang-vienna,src_vienna_panda_baby;src_vienna_fubao_birthday,verified,draft,
evt_toronto_twins_birth,jia-panpan,birth,2015-10-13,day,"Toronto Zoo, Canada",jia-yueyue;da-mao;er-shun,src_toronto_twins_birthday,verified,draft,Canada's first giant panda cubs.
evt_calgary_adults_return,er-shun,transfer,2020-11-27,day,Calgary Zoo to China,da-mao,src_calgary_pandas_return;src_gpg_calgary_profiles,partial,draft,Official video confirms safe return; exact departure and arrival split needs source reconciliation.
evt_singapore_lele_birth,le-le-singapore,birth,2021-08-14,day,"River Wonders, Singapore",kai-kai-sg;jia-jia-sg,src_mandai_giant_panda_profile;src_mandai_lele_name,verified,draft,Singapore's first giant panda cub.
evt_singapore_lele_named,le-le-singapore,naming,2021-12-29,day,"River Wonders, Singapore",,src_mandai_lele_name,verified,draft,Le Le official name unveiled.
evt_singapore_lele_return,le-le-singapore,transfer,2024-01-16,day,"River Wonders, Singapore to China",,src_mandai_lele_return,verified,draft,Scheduled return flight to China.
evt_macao_pandas_arrival,kai-kai-macau,arrival,2015-04-30,day,"Macao Giant Panda Pavilion, Macao",xin-xin-macau,src_macao_kai_birthday,verified,draft,Kai Kai and Xin Xin arrived in Macao.
evt_macao_twins_birth,jian-jian-macau,birth,2016-06-26,day,"Macao Giant Panda Pavilion, Macao",kang-kang-macau;kai-kai-macau;xin-xin-macau,src_macao_twins_birth;src_macao_happy_family_2023,verified,draft,Macao-born male twin cubs.
evt_macao_shuxiang_return,shu-xiang,transfer,2015-11-29,day,Macao to Chengdu Research Base of Giant Panda Breeding,,src_macao_shuxiang_return,verified,draft,Shu Xiang returned to mainland China for breeding opportunities.
evt_taipei_yuanzai_birth,yuan-zai,birth,2013-07-06,day,"Taipei Zoo, Taiwan",tuan-tuan;yuan-yuan,src_taipei_yuanzai_birth;src_taipei_yuanbao_birth,verified,draft,First Taipei-born giant panda cub.
evt_taipei_yuanbao_birth,yuan-bao,birth,2020-06-28,day,"Taipei Zoo, Taiwan",tuan-tuan;yuan-yuan,src_taipei_yuanbao_birth,verified,draft,Second cub of Yuan Yuan.
evt_taipei_tuantuan_death,tuan-tuan,death,2022-11-19,day,"Taipei Zoo, Taiwan",,src_taipei_tuantuan_death,verified,draft,Tuan Tuan died after irreversible illness.
evt_malaysia_cubs_return,yi-yi-malaysia,transfer,2023-08-29,day,"Zoo Negara, Malaysia to China",sheng-yi,src_bernama_yiyi_shengyi_return;src_ecns_malaysia_adults_return,verified,draft,Yi Yi and Sheng Yi returned to China.
evt_malaysia_adults_return,xing-xing-my,transfer,2025-05-18,day,"Zoo Negara, Malaysia to Ya'an Base, China",liang-liang-my,src_ecns_malaysia_adults_return,verified,draft,Fu Wa/Xing Xing and Feng Yi/Liang Liang returned to China.
evt_indonesia_pandas_arrival,cai-tao,arrival,2017-09-28,day,"Taman Safari Indonesia, Bogor, Indonesia",hu-chun,src_xinhua_taman_safari_caitao;src_gpg_taman_safari_profiles,partial,draft,Arrival date from secondary profile and official-wire context.
evt_indonesia_rio_birth,satrio-wiratama,birth,2025-11-27,day,"Taman Safari Indonesia, Bogor, Indonesia",cai-tao;hu-chun,src_setneg_satrio_wiratama_birth;src_taman_safari_satrio_birth_2026;src_ap_indonesia_rio_birth;src_gpg_meet_world_page_20,partial,draft,"Setneg confirms birth date/time, parents, name, and suspected male sex; Taman Safari confirms birth date, mother, name, and early health; studbook source still preferred."
evt_indonesia_rio_named,satrio-wiratama,naming,2025-12-04,day,"Jakarta, Indonesia",cai-tao;hu-chun,src_setneg_satrio_wiratama_birth;src_taman_safari_satrio_birth_2026;src_ap_indonesia_rio_birth,verified,draft,Indonesia's president named the cub Satrio Wiratama/Rio during the Wang Huning visit; Taman Safari later confirmed the official naming context.
evt_thailand_linbing_birth,lin-bing,birth,2009-05-27,day,"Chiang Mai Zoo, Thailand",chuang-chuang;lin-hui,src_chinaorg_linbing_name,verified,draft,First giant panda born in Thailand.
evt_thailand_linhui_death,lin-hui,death,2023-04-19,day,"Chiang Mai Zoo, Thailand",,src_china_consulate_linhui_death,verified,draft,Lin Hui died at Chiang Mai Zoo.
evt_thailand_chuangchuang_death,chuang-chuang,death,2019-09-16,day,"Chiang Mai Zoo, Thailand",,src_gpg_chiangmai_profiles,partial,draft,Death date from secondary database; needs primary report.
evt_qatar_pandas_arrival,suhail,arrival,2022-10-18,day,"Panda House, Al Khor, Qatar",thuraya,src_visitqatar_panda_house,verified,draft,Qatar's first giant pandas arrived from China.
evt_finland_pandas_return,pyry,transfer,2024-11-23,day,"Ahtari Zoo, Finland to China",lumi,src_yle_finland_return;src_ap_finland_return,verified,draft,Lumi and Pyry returned to China; exact receiving facility still needs confirmation.
evt_mexico_tohui_birth,tohui,birth,1981-07-21,day,"Chapultepec Zoo, Mexico",pe-pe;ying-ying-mexico,src_gpg_chapultepec_profiles,needs_primary_source,draft,Historic record needs primary archival confirmation.
evt_mexico_xinxin_birth,xin-xin-mexico,birth,1990-07-01,day,"Chapultepec Zoo, Mexico",chia-chia-mexico;tohui,src_sedema_xinxin_34;src_gpg_chapultepec_profiles,verified,draft,Current Chapultepec panda Xin Xin.
evt_sandiego_1987_visit,yuan-yuan-sandiego,arrival,,year,"San Diego Zoo, United States",basi-sandiego,src_gpg_sandiego_profiles,needs_primary_source,draft,Basi and Yuan Yuan temporary 100-day San Diego visit needs primary archival source.
evt_huamei_birth,hua-mei,birth,1999-08-21,day,"San Diego Zoo, United States",bai-yun;shi-shi,src_sandiego_harmony;src_sandiego_ai_procedure,verified,draft,First surviving giant panda cub born in the United States.
evt_meisheng_birth,mei-sheng,birth,2003-08-19,day,"San Diego Zoo, United States",gao-gao;bai-yun,src_sandiego_panda_cubs_individuals;src_gpg_sandiego_profiles,partial,draft,Exact date from secondary database; official source confirms cub sequence.
evt_sulin_sandiego_birth,su-lin-sandiego,birth,2005-08-02,day,"San Diego Zoo, United States",gao-gao;bai-yun,src_sandiego_panda_cubs_individuals;src_gpg_sandiego_profiles,partial,draft,Exact date from secondary database; official source confirms cub sequence.
evt_zhenzhen_birth,zhen-zhen,birth,2007-08-03,day,"San Diego Zoo, United States",gao-gao;bai-yun,src_sandiego_panda_cubs_individuals;src_gpg_sandiego_profiles,partial,draft,Exact date from secondary database; official source confirms cub sequence.
evt_yunzi_birth,yun-zi,birth,2009-08-05,day,"San Diego Zoo, United States",gao-gao;bai-yun,src_sandiego_panda_cubs_individuals;src_gpg_sandiego_profiles,partial,draft,Exact date from secondary database; official source confirms cub sequence.
evt_xiaoliwu_birth,xiao-liwu,birth,2012-07-29,day,"San Diego Zoo, United States",gao-gao;bai-yun,src_sandiego_harmony;src_gpg_sandiego_profiles,partial,draft,Official source confirms birth date and San Diego cub sequence; current facility from secondary database.
evt_gaogao_death,gao-gao,death,2025-11-24,day,"CCRCGP Sichuan, China",,src_chinadaily_gaogao_death;src_gpg_sandiego_profiles,verified,draft,CCRCGP announced Gao Gao's death after age-related illness.
evt_huamei_2004_twins_birth,tuan-tuan,birth,2004-09-01,day,"Wolong, Sichuan, China",mei-ling-huamei;hua-mei,src_taipei_tuantuan_yuanyuan_intro;src_pandatribe_huamei_profile,partial,draft,Taipei Zoo confirms Tuan Tuan as Hua Mei's firstborn twin cub; twin-sibling Mei Ling still depends on secondary discovery source.
evt_huamei_2005_twins_birth,ting-ting-huamei,birth,2005-08-29,day,"Wolong, Sichuan, China",wei-wei-huamei;hua-mei,src_pandatribe_huamei_profile,needs_primary_source,draft,Discovery-only Hua Mei twin birth record.
evt_huamei_2007_twins_birth,hua-long,birth,2007-07-16,day,"Wolong, Sichuan, China",hua-ao;hua-mei,src_pandatribe_huamei_profile,needs_primary_source,draft,Discovery-only Hua Mei twin birth record.
evt_haohao_birth,hao-hao,birth,2009-07-07,day,"Ya'an Bifengxia Base, Sichuan, China",hua-mei,src_pandatribe_huamei_profile,needs_primary_source,draft,Discovery source records Hao Hao as Hua Mei's single cub.
evt_yanghu_birth,yang-hu,birth,2010-09-17,day,"Wolong China Giant Panda Protection and Research Center, Sichuan, China",hua-mei,src_pandatribe_huamei_profile;src_chinadaily_huamei_8th_cub,partial,draft,China Daily/Xinhua confirms Hua Mei's male eighth cub birth on 2010-09-17; the official-media report did not give the cub name Yang Hu.
evt_yanghu_death,yang-hu,death,2012-02-07,day,China,,src_pandatribe_huamei_profile,needs_primary_source,draft,Discovery-only death record.
evt_jiajia_huamei_birth,jia-jia-huamei,birth,2012-08-05,day,"Ya'an Bifengxia Base, Sichuan, China",hua-mei,src_pandatribe_huamei_profile,needs_primary_source,draft,Discovery-only Hua Mei cub birth record.
evt_huarong_birth,hua-rong,birth,2013-07-18,day,"Ya'an Bifengxia Base, Sichuan, China",hua-mei,src_pandatribe_huamei_profile,needs_primary_source,draft,Discovery-only Hua Mei cub birth record.
evt_huamei_2018_twins_birth,yi-yi-huamei,birth,2018-07-02,day,"Ya'an Bifengxia Base, Sichuan, China",jiu-jiu-huamei;hua-mei,src_pandatribe_huamei_profile,needs_primary_source,draft,Discovery-only Hua Mei twin birth record.
evt_huamei_2019_twins_birth,meng-meng-huamei,birth,2019-10-17,day,"Ya'an Bifengxia Base, Sichuan, China",jin-du-du;hua-mei,src_pandatribe_huamei_profile,needs_primary_source,draft,Discovery-only Hua Mei twin birth record.
evt_hangzhou_banban_death,ban-ban-hangzhou,death,2026-02-09,day,"Hangzhou Safari Park, China",,src_cctv_hangzhou_deaths_2026;src_gpg_hangzhou_deaths_2026,verified,draft,Ban Ban died following illness; official notice reports intestinal obstruction and multiple organ failure.
evt_hangzhou_xiangguo_death,xiang-guo,death,2026-02-10,day,"Hangzhou Zoo, China",,src_cctv_hangzhou_deaths_2026;src_gpg_hangzhou_deaths_2026,verified,draft,Xiang Guo died following illness; official notice reports mesenteric volvulus and multiple organ failure.
evt_hangzhou_remaining_pandas_return,yi-yi-huamei,transfer,2026-02-28,day,Hangzhou facilities to CCRCGP and Chengdu Base,chun-sheng,src_cctv_hangzhou_deaths_2026;src_gpg_hangzhou_deaths_2026,partial,draft,Notice says Yi Yi was returned to CCRCGP and Chun Sheng to Chengdu Base; use announcement date until exact transfer dates are confirmed.
evt_shanghai_2016_twins_birth,yue-yue-shanghai,birth,2016-10-04,day,"Shanghai Wild Animal Park, China",ban-ban-hangzhou,src_shanghai_twins_public_debut_2026;src_gpg_shanghai_profiles,partial,draft,Shanghai municipal article identifies Yue Yue and Ban Ban as Shanghai Wild Animal Park's 2016 opposite-sex twins.
evt_shanghai_qianjin_birth,qian-jin,birth,2017-10-10,day,"Shanghai Wild Animal Park, China",,src_shanghai_twins_birth_2025,verified,draft,Shanghai municipal report says Qianjin was born at the park on 2017-10-10.
evt_shanghai_qiqi_birth,qi-qi-shanghai,birth,2018-07-17,day,"Shanghai Wild Animal Park, China",,src_thepaper_qiqi_return_2026,verified,draft,The Paper cites Shanghai Wild Animal Park public materials for Qi Qi's sex and birth date.
evt_shanghai_qiqi_return,qi-qi-shanghai,transfer,2026-01-07,day,"Shanghai Wild Animal Park to Sichuan, China",,src_thepaper_qiqi_return_2026,verified,draft,Qi Qi departed Shanghai Wild Animal Park for Sichuan under giant panda conservation arrangements.
evt_shanghai_qianzhen_arrival,qian-zhen,arrival,2026-02-06,day,"Shanghai Wild Animal Park, China",,src_shanghai_qianzhen_arrival_2026,verified,draft,Qianzhen arrived in Shanghai from CCRCGP Sichuan.
evt_shanghai_qianran_qianyi_birth,qian-ran,birth,2025-08-22,day,"Shanghai Wild Animal Park, China",qian-yi;qian-jin,src_shanghai_twins_birth_2025;src_xinhua_shanghai_twins_named_2025;src_shanghai_twins_public_debut_2026,verified,draft,Qianjin gave birth to Qianran and Qianyi at Shanghai Wild Animal Park.
evt_shanghai_qianran_qianyi_named,qian-ran,naming,2025-11-18,day,"Shanghai Wild Animal Park, China",qian-yi,src_xinhua_shanghai_twins_named_2025,verified,draft,Xinhua reports the twin cubs were named Qianran and Qianyi.
evt_shanghai_twins_public_debut,qian-ran,public_debut,2026-02-15,day,"Shanghai Wild Animal Park, China",qian-yi;qian-jin,src_shanghai_twins_public_debut_2026,verified,draft,Qianjin was scheduled to meet the public with Qianran and Qianyi from 2026-02-15.
evt_shanghai_qianzhen_public_debut,qian-zhen,public_debut,2026-04-26,day,"Shanghai Wild Animal Park, China",qian-jin;qian-ran;qian-yi,src_chinanews_qianzhen_debut_2026,verified,draft,China News reports Qianzhen's first public display in Shanghai and her relationship to the Qian family.
evt_smithsonian_1972_arrival,ling-ling-smithsonian,arrival,1972-04-16,day,"Smithsonian National Zoo, Washington, D.C.",hsing-hsing,src_smithsonian_history;src_gpg_smithsonian_profiles,verified,draft,Ling Ling and Hsing Hsing arrived at Smithsonian National Zoo as gifts to the American people.
evt_lingling_smithsonian_death,ling-ling-smithsonian,death,1992-12-30,day,"Smithsonian National Zoo, Washington, D.C.",,src_smithsonian_history,verified,draft,Smithsonian history records death from heart failure.
evt_hsinghsing_death,hsing-hsing,death,1999-11-28,day,"Smithsonian National Zoo, Washington, D.C.",,src_smithsonian_history,verified,draft,Smithsonian history records euthanasia after terminal kidney disease.
evt_vienna_twins_birth,fu-feng,birth,2016-08-07,day,"Vienna Zoo, Austria",fu-ban;long-hui;yang-yang-vienna,src_vienna_twins_research;src_vienna_twins_diary,verified,draft,Vienna 2016 twins Fu Feng and Fu Ban.
evt_vienna_twins_named,fu-feng,naming,2016-11-23,day,"Vienna Zoo, Austria",fu-ban,src_vienna_twins_diary,verified,draft,Official names Fu Feng and Fu Ban announced in Vienna Zoo diary.
evt_longhui_death,long-hui,death,2016-12-09,day,"Vienna Zoo, Austria",,src_vienna_pandas_overview;src_vienna_longhui_death;src_vienna_longhui_necropsy,verified,draft,Official Vienna Zoo notices record Long Hui's death during emergency examination and later necropsy diagnosis.
evt_heye_sex_update,he-ye,sex_update,2024-01-23,day,Chengdu Research Base of Giant Panda Breeding,he-hua,src_chinanews_heye_sex,partial,draft,Media report says keeper revealed He Ye was identified as female.
evt_copenhagen_2025_mating_attempt,xing-er,mating_attempt,2025-04-10,day,"Copenhagen Zoo, Denmark",mao-sun,src_copenhagen_2025_mating_attempt,verified,draft,Official Copenhagen Zoo article says Xing Er and Mao Sun spent about one day together during the 2025 breeding attempt and returned to separate enclosures without mating.
evt_baobao_berlin_death,bao-bao-berlin,death,2012-08-22,day,"Zoo Berlin, Germany",,src_zoo_berlin_panda_history;src_gpg_baobao_death_2012;src_chinadaily_baobao_death,partial,draft,Zoo Berlin and secondary sources confirm Bao Bao's 2012-08-22 death.
evt_mingming_death,ming-ming-chimelong,death,2011-05-07,day,"Xiangjiang Wild Animal World, Guangdong Province, China",,src_chinadaily_mingming_death,partial,draft,China Daily/agency report records Ming Ming's death date and age context.
evt_yenyen_death,yen-yen-paris,death,2000-01-20,day,"Zoo de Vincennes, Paris, France",,src_gpg_yenyen_profile,needs_primary_source,draft,GPG-only death-date capture for Yen Yen; primary archive still needed.
evt_yanyan_berlin_death,yan-yan-berlin,death,2007-03-26,day,"Zoo Berlin, Germany",,src_zoo_berlin_panda_history,partial,draft,Zoo Berlin official history confirms Yan Yan's death date and age context.
evt_susu_death,su-su-shanghai,death,2017-06-02,day,"Chengdu Research Base of Giant Panda Breeding, Chengdu, China",,src_pandafr_susu_death,partial,draft,Panda.fr secondary article records Su Su's death date with CRBGPB context.
evt_tjentjen_death,tjen-tjen,death,1984-02-08,day,"Zoo Berlin, Germany",,src_gpg_pambassador_berlin_london_context,partial,draft,GPG secondary article records Tjen Tjen's exact death date; official archive still preferred.
evt_gugu_death,gu-gu,death,2025-01-16,day,"Beijing Zoo, Beijing, China",,src_chinadaily_gugu_death;src_xinhua_chinaorg_gugu_death,partial,draft,China Daily/Xinhua reports quote Beijing Zoo statement for Gu Gu's 2025-01-16 death; original zoo notice still preferred.
evt_lili_paris_death,li-li-paris,death,1974-04-20,day,"Zoo de Vincennes, Paris, France",,src_mnhn_lili_specimen;src_gpg_lili_paris_profile;src_gpg_yenyen_lili_goodwill_1973,partial,draft,MNHN confirms Li Li died in April 1974; exact day is from secondary GPG historical/profile articles.
evt_lanlan_ueno_death,lan-lan-ueno,death,1979-09-04,day,"Ueno Zoo, Tokyo, Japan",,src_tokyo_zoo_ueno_panda_history,verified,draft,Official Ueno history records Lan Lan's death date.
evt_kangkang_ueno_death,kang-kang-ueno,death,1980-06-30,day,"Ueno Zoo, Tokyo, Japan",,src_tokyo_zoo_ueno_panda_history,verified,draft,Official Ueno history records Kang Kang's death date.
evt_huanhuan_ueno_death,huan-huan-ueno,death,1997-09-21,day,"Ueno Zoo, Tokyo, Japan",,src_tokyo_zoo_ueno_panda_history,verified,draft,Official Ueno history records Huan Huan's death date.
evt_feifei_ueno_death,fei-fei-ueno,death,1994-12-14,day,"Ueno Zoo, Tokyo, Japan",,src_tokyo_zoo_ueno_panda_history,verified,draft,Official Ueno history records Fei Fei's death date.
evt_chuchu_ueno_death,chu-chu-ueno,death,1985-06-29,day,"Ueno Zoo, Tokyo, Japan",,src_tokyo_zoo_ueno_panda_history,verified,draft,Official Ueno history records Chu Chu's death 43 hours after birth.
evt_tongtong_death,tong-tong,death,2000-07-08,day,"Ueno Zoo, Tokyo, Japan",,src_tokyo_zoo_ueno_panda_history,verified,draft,Official Ueno history records Tong Tong's death date.
evt_youyou_ueno_transfer,you-you-ueno,transfer,1992-11-13,day,"Ueno Zoo, Tokyo, Japan to Beijing Zoo, Beijing, China",ling-ling-ueno,src_tokyo_zoo_ueno_panda_history,verified,draft,Official Ueno history records You You's move to Beijing Zoo in the Ling Ling exchange.
evt_youyou_ueno_death,you-you-ueno,death,2004-03-04,day,"Beijing Zoo, Beijing, China",,src_tokyo_zoo_ueno_panda_history,verified,draft,Official Ueno history records You You's death date after transfer to Beijing Zoo.
evt_shuanshuan_death,shuan-shuan,death,2022-07-06,day,"Chapultepec Zoo, Mexico City, Mexico",,src_sedema_shuanshuan_death;src_tokyo_zoo_ueno_panda_history,verified,draft,SEDEMA notice and official Ueno history support Shuan Shuan's 2022-07-06 death date.
evt_madrid_1978_panda_arrival,shao-shao-beijing,arrival,1978-12-28,day,"Zoo Aquarium Madrid, Spain",chang-chang-beijing,src_zoomadrid_chulin_mncn,verified,draft,Madrid Zoo official timeline records the Spanish monarchs ceding Shao Shao and Chang Chang to Zoo de Madrid on 1978-12-28.
evt_chulin_birth,chu-lin-madrid,birth,1982-09-04,day,"Zoo Aquarium Madrid, Spain",shao-shao-beijing;chia-chia-mexico,src_zoomadrid_chulin_mncn,verified,draft,Madrid Zoo official timeline records Chu-Lin's birth after artificial insemination with semen from London Zoo's Chia Chia.
evt_shaoshao_madrid_death,shao-shao-beijing,death,1983-10-23,day,"Zoo Aquarium Madrid, Spain",,src_zoomadrid_chulin_mncn,verified,draft,Madrid Zoo official timeline records Shao Shao's death from gastroenteritis.
evt_changchang_madrid_death,chang-chang-beijing,death,1995-12-13,day,"Zoo Aquarium Madrid, Spain",,src_zoomadrid_chulin_mncn,verified,draft,Madrid Zoo official timeline records Chang Chang's death date.
evt_chulin_death,chu-lin-madrid,death,1996-04-29,day,"Zoo Aquarium Madrid, Spain",,src_zoomadrid_chulin_mncn,verified,draft,Madrid Zoo official timeline records Chu-Lin's death from prostatitis.
evt_sulin_brookfield_arrival,su-lin-brookfield,arrival,,month,"Brookfield Zoo, Chicago, United States",,src_brookfield_zoo_history;src_guinness_sulin_record;src_pandanews_sulin_1,partial,draft,Brookfield/Guinness confirm Su Lin reached Brookfield in 1937; PandaNews gives February 1937 as the transfer month.
evt_sulin_brookfield_death,su-lin-brookfield,death,,month,"Brookfield Zoo, Chicago, United States",,src_guinness_sulin_record;src_britannica_brookfield_zoo;src_pandanews_sulin_1,partial,draft,Authoritative sources support spring/1938 death; PandaNews gives April 1938 month but exact day still needs primary archive confirmation.
evt_meimei_brookfield_arrival,mei-mei-brookfield,arrival,,year,"Brookfield Zoo, Chicago, United States",su-lin-brookfield,src_brookfield_zoo_history;src_guinness_sulin_record,partial,draft,Brookfield and Guinness place Mei-Mei's Brookfield arrival in 1938 as Su Lin's intended companion.
evt_meimei_brookfield_death,mei-mei-brookfield,death,,year,"Brookfield Zoo, Chicago, United States",,src_britannica_brookfield_zoo;src_smithsonian_harkness_sulin_reader,partial,draft,Britannica/Smithsonian summarize Mei-Mei's death in 1942; exact date needs primary archive.
evt_meilan_brookfield_arrival,mei-lan-brookfield,arrival,,month,"Brookfield Zoo, Chicago, United States",mei-mei-brookfield,src_brookfield_zoo_history;src_britannica_brookfield_zoo;src_pandanews_meilan_10,partial,draft,Brookfield/Britannica support 1939 arrival range; PandaNews gives November 1939 transfer month.
evt_meilan_brookfield_death,mei-lan-brookfield,death,,month,"Brookfield Zoo, Chicago, United States",,src_britannica_brookfield_zoo;src_pandanews_meilan_10,partial,draft,Britannica gives 1953 end year; PandaNews gives September 1953 death month.
evt_pandora_bronx_death,pandora-bronx,death,,month,"Bronx Zoo, New York, United States",pan-bronx,src_wcs_bronx_panda_mania;src_cunningham_bronx_pandas,partial,draft,WCS Archives records Pandora's May 1941 death; exact day needs primary annual-report or studbook source.
evt_pan_bronx_death,pan-bronx,death,,year,"Bronx Zoo, New York, United States",pandora-bronx,src_wcs_bronx_panda_mania;src_cunningham_bronx_pandas,partial,draft,WCS identifies Pan as Pandora's compatriot; Cunningham/SIUE context places Pan's death in 1940.
evt_pandee_pandah_arrival,pan-dee-bronx,arrival,1941-12-30,day,"Bronx Zoo, New York, United States",pan-dah-bronx,src_wcs_bronx_panda_mania;src_cunningham_bronx_pandas,partial,draft,WCS/Cunningham record formal Bronx Zoo reception of the two Madame Chiang gift pandas on 1941-12-30.
evt_pandee_death,pan-dee-bronx,death,1945-10-04,day,"Bronx Zoo, New York, United States",pan-dah-bronx,src_cunningham_bronx_pandas,partial,draft,Cunningham article cites New York Times archive for Pan-dee's 1945-10-04 death from peritonitis; primary archive still preferred.
evt_pandah_death,pan-dah-bronx,death,1951-10-31,day,"Bronx Zoo, New York, United States",pan-dee-bronx,src_wcs_bronx_panda_mania;src_cunningham_bronx_pandas,partial,draft,WCS records the last of the pair dying on Halloween 1951; Cunningham assigns this to Pan-dah/Susie.
evt_ming_london_arrival,ming-london-1938,arrival,,year,"London Zoo, United Kingdom",tang-london-1938;sung-london-1938,src_zsl_history_london_pandas;src_chinadaily_ming_wartime,partial,draft,ZSL and China Daily confirm Ming's 1938 London Zoo arrival as the first giant panda seen in the UK.
evt_ming_london_death,ming-london-1938,death,,year,"London Zoo or Whipsnade Zoo, United Kingdom",,src_chinadaily_ming_wartime,partial,draft,China Daily records Ming's death near the end of 1944; exact day and location need ZSL archive confirmation.
evt_tang_london_death,tang-london-1938,death,,year,"London Zoo, United Kingdom",,src_chinadaily_ming_wartime,needs_primary_source,draft,China Daily says Tang died in spring 1940; primary ZSL/studbook confirmation still needed.
evt_sung_london_death,sung-london-1938,death,,year,"London Zoo, United Kingdom",,src_chinadaily_ming_wartime,needs_primary_source,draft,China Daily says Sung died in 1939; primary ZSL/studbook confirmation still needed.
evt_happy_stlouis_arrival,happy-st-louis,arrival,,month,"Saint Louis Zoo, St. Louis, United States",pao-pei-st-louis,src_stlpr_stl_zoo_animals_always;src_pandanews_happy_5,needs_primary_source,draft,St. Louis Public Radio confirms 1939 acquisition; PandaNews gives June 1939 Saint Louis transfer month.
evt_happy_stlouis_death,happy-st-louis,death,,month,"Saint Louis Zoo, St. Louis, United States",,src_pandanews_happy_5,needs_primary_source,draft,PandaNews gives March 1946 death month; primary Saint Louis Zoo/studbook archive still needed.
evt_paopei_stlouis_arrival,pao-pei-st-louis,arrival,,month,"Saint Louis Zoo, St. Louis, United States",happy-st-louis,src_stlpr_stl_zoo_animals_always;src_pandanews_paopei_12,needs_primary_source,draft,St. Louis Public Radio confirms 1939 acquisition; PandaNews gives November 1939 Saint Louis transfer month.
evt_paopei_stlouis_death,pao-pei-st-louis,death,,month,"Saint Louis Zoo, St. Louis, United States",,src_smithsonian_pandas_america_history;src_pandanews_paopei_12,needs_primary_source,draft,"Smithsonian confirms Pao Pei as Saint Louis' last early panda; PandaNews gives October 1940 death month, which conflicts with some secondary summaries and needs primary archive reconciliation."
evt_pingping_moscow_arrival,ping-ping-moscow,arrival,,month,"Moscow Zoo, Russia",an-an-moscow,src_chinadaily_panda_diplomacy_history;src_chinaorg_pandas_overseas;src_pandanews_pingping_17,partial,draft,China Daily/China.org confirm the 1957 Soviet Union gift; PandaNews gives May 1957 Moscow transfer month.
evt_pingping_moscow_death,ping-ping-moscow,death,,month,"Moscow Zoo, Russia",,src_pandanews_pingping_17,needs_primary_source,draft,PandaNews gives May 1961 death month; primary Moscow Zoo/studbook confirmation still needed.
evt_anan_moscow_arrival,an-an-moscow,arrival,,year,"Moscow Zoo, Russia",ping-ping-moscow,src_chinadaily_panda_diplomacy_history;src_chinaorg_pandas_overseas,partial,draft,China Daily/China.org confirm An An was sent to Moscow in 1959 as Ping Ping's companion.
evt_chichi_capture,chi-chi,capture,1957-07-04,day,China,,src_zsl_archive_chichi,verified,draft,Official ZSL archive records Chi Chi's capture by a Chinese collecting team on 1957-07-04.
evt_chichi_london_visit_arrival,chi-chi,arrival,1958-09-05,day,"London Zoo, United Kingdom",,src_zsl_archive_chichi,verified,draft,Official ZSL archive records Chi Chi arriving at London Zoo on 1958-09-05 for an initial three-week visit.
evt_chichi_zsl_purchase,chi-chi,transfer,1958-09-26,day,"London Zoo, United Kingdom",,src_zsl_archive_chichi,verified,draft,Official ZSL archive records ZSL purchasing Chi Chi at 11:59 pm on 1958-09-26.
evt_chichi_moscow_breeding_visit,chi-chi,transfer,,year,"London Zoo, United Kingdom to Moscow Zoo, Russia",an-an-moscow,src_zsl_archive_chichi,verified,draft,Official ZSL archive records Chi Chi's 1966 Moscow breeding visit and unsuccessful introduction to An An.
evt_chichi_death,chi-chi,death,,year,"London Zoo, United Kingdom",,src_nhm_chichi_specimen,partial,draft,Natural History Museum confirms Chi Chi died naturally in 1972 and was donated to the Museum; exact death day still needs a dated primary obituary or annual report.
evt_dprk_gift_period,yihao-dprk,transfer,,year,China to Democratic People's Republic of Korea,erhao-dprk;lingling-dprk;sanxing-dprk;danan-dprk,src_chinadaily_panda_diplomacy_history;src_chinaorg_pandas_overseas,needs_primary_source,draft,China Daily/China.org list five DPRK state-gift pandas between 1965 and 1980; individual transfer years/institutions need primary archive.
evt_kebi_birth,kebi,birth,1992-07-26,day,"Chengdu Research Base of Giant Panda Breeding, Chengdu, China",su-su-shanghai,src_gpg_chengdu_base_profiles;src_pandafr_kebi_death,partial,draft,GPG and Panda.fr agree on Kebi's 1992-07-26 Chengdu Base birth; Panda.fr identifies Su Su as mother.
evt_kebi_death,kebi,death,2017-02-02,day,"Chengdu Zoo, Chengdu, China",,src_pandafr_kebi_death,partial,draft,Panda.fr obituary cites Chengdu Zoo/Xinhua reporting that Kebi died at Chengdu Zoo on 2017-02-02.
evt_runyue_aijiu_birth,run-yue,birth,2020-06-05,day,"Chengdu Research Base of Giant Panda Breeding, Chengdu, Sichuan Province, China",ai-jiu,src_gpg_chengdu_base_profiles,needs_primary_source,draft,GPG Chengdu Base current listing records Run Yue and Ai Jiu as female pandas born on 2020-06-05; primary birth announcement/studbook still needed.
evt_taotao_reintroduced_wild,tao-tao-reintroduced,transfer,2012-10-11,day,"CCRCGP Wolong Hetaoping Base to Liziping Nature Reserve, Sichuan, China",,src_gpg_in_the_wild_reintroduction;src_gpg_wolong_hetaoping_profiles,needs_primary_source,draft,GPG reintroduction pages list Tao Tao as released to the wild on 2012-10-11; primary CCRCGP/studbook confirmation still needed.
evt_zhangxiang_reintroduced_wild,zhang-xiang,transfer,2013-11-06,day,"CCRCGP Ya'an Bifengxia Base to Liziping Nature Reserve, Sichuan, China",,src_gpg_in_the_wild_reintroduction;src_gpg_wolong_hetaoping_profiles,needs_primary_source,draft,GPG reintroduction pages list Zhang Xiang as released to the wild on 2013-11-06; primary CCRCGP/studbook confirmation still needed.
evt_xuexue_reintroduced_wild,xue-xue-reintroduced,transfer,2014-10-14,day,"CCRCGP Wolong Hetaoping Base to Liziping Nature Reserve, Sichuan, China",,src_gpg_in_the_wild_reintroduction;src_gpg_wolong_hetaoping_profiles,needs_primary_source,draft,GPG reintroduction pages list Xue Xue as released to the wild on 2014-10-14; primary CCRCGP/studbook confirmation still needed.
evt_huajiao_reintroduced_wild,hua-jiao-reintroduced,transfer,2015-11-19,day,"CCRCGP Wolong Hetaoping Base to Liziping Nature Reserve, Sichuan, China",,src_gpg_in_the_wild_reintroduction,needs_primary_source,draft,GPG reintroduction page lists Hua Jiao as released to the wild on 2015-11-19; primary CCRCGP/studbook confirmation still needed.
evt_huayan_reintroduced_wild,hua-yan-reintroduced,transfer,2016-10-20,day,"CCRCGP Wolong Hetaoping Base to Liziping Nature Reserve, Shimian County, Ya'an, Sichuan, China",zhang-meng,src_gpg_in_the_wild_reintroduction;src_gpg_huayan_zhangmeng_reintroduction;src_gpg_wolong_hetaoping_profiles,needs_primary_source,draft,GPG reports Hua Yan and Zhang Meng were released one after another into Liziping Nature Reserve on 2016-10-20; primary CCRCGP/studbook confirmation still needed.
evt_zhangmeng_reintroduced_wild,zhang-meng,transfer,2016-10-20,day,"CCRCGP Wolong Hetaoping Base to Liziping Nature Reserve, Shimian County, Ya'an, Sichuan, China",hua-yan-reintroduced,src_gpg_in_the_wild_reintroduction;src_gpg_huayan_zhangmeng_reintroduction;src_gpg_wolong_hetaoping_profiles,needs_primary_source,draft,GPG reports Hua Yan and Zhang Meng were released one after another into Liziping Nature Reserve on 2016-10-20; primary CCRCGP/studbook confirmation still needed.
evt_yingxue_reintroduced_wild,ying-xue-reintroduced,transfer,2017-11-23,day,"CCRCGP Wolong Hetaoping Base to the wild, Sichuan, China",ba-xi-reintroduced,src_gpg_in_the_wild_reintroduction,needs_primary_source,draft,GPG reintroduction page lists Ying Xue and Ba Xi as released to the wild on 2017-11-23; primary CCRCGP/studbook confirmation still needed.
evt_baxi_reintroduced_wild,ba-xi-reintroduced,transfer,2017-11-23,day,"CCRCGP Wolong Hetaoping Base to the wild, Sichuan, China",ying-xue-reintroduced,src_gpg_in_the_wild_reintroduction,needs_primary_source,draft,GPG reintroduction page lists Ying Xue and Ba Xi as released to the wild on 2017-11-23; primary CCRCGP/studbook confirmation still needed.
evt_shuiling_beijing_death,shui-ling-beijing,death,2010-07-05,day,"Beijing Zoo, Beijing, China",,src_chinadaily_shuiling_death;src_chinadaily_langlang_death,partial,draft,China Daily reports Shui Ling died at Beijing Zoo on 2010-07-05 from mesenteric volvulus.
evt_langlang_nanjing_death,lang-lang-nanjing,death,2010-12-16,day,"Nanjing Hongshan Forest Zoo, Nanjing, Jiangsu Province, China",,src_chinadaily_langlang_death;src_gpg_cuicui_duoduo_left_nanjing,partial,draft,Xinhua/China Daily and GPG report Lang Lang died at Nanjing Hongshan Forest Zoo on 2010-12-16.
evt_quanquan_jinan_death,quan-quan-jinan,death,2010-07-22,day,"Jinan Zoo, Jinan, Shandong Province, China",,src_chinadaily_historic_panda_deaths_2015;src_chinadaily_langlang_death,partial,draft,China Daily reports Quan Quan died at Jinan Zoo on 2010-07-22 after toxic gas exposure.
evt_xingxing_kobe_death,ko-ko,death,2010-09-09,day,"Kobe Oji Zoo, Kobe, Japan",,src_chinadaily_langlang_death;src_topchinatravel_kobe_pandas,partial,draft,"China Daily/Xinhua confirms a 2010-09-09 Kobe death context for 14-year-old Xing Xing, merged here with existing Ko Ko / Long Long row; primary Kobe/Oji Zoo or studbook confirmation still needed."
evt_jinyi_zhengzhou_death,jin-yi-beijing,death,2014-02-09,day,"Zhengzhou Zoo, Zhengzhou, Henan Province, China",,src_chinadaily_historic_panda_deaths_2015,partial,draft,China Daily reports seven-year-old female Jin Yi died at Zhengzhou Zoo on 2014-02-09.
evt_dabao_shaanxi_death,da-bao-shaanxi,death,2015-01-04,day,"Shaanxi Rare Wildlife Rescue and Breeding Research Center, Shaanxi, China",,src_chinadaily_historic_panda_deaths_2015,partial,draft,China Daily reports eight-year-old female Da Bao died of canine distemper at the Shaanxi center on 2015-01-04.
evt_chengcheng_shaanxi_death,cheng-cheng-shaanxi,death,2014-12-09,day,"Shaanxi Rare Wildlife Rescue and Breeding Research Center, Shaanxi, China",,src_chinadaily_historic_panda_deaths_2015,partial,draft,China Daily reports eight-year-old Cheng Cheng died of canine distemper at the Shaanxi center on 2014-12-09.
evt_xingxing_macao_death,xing-xing-macao-death,death,2014-06-22,day,"Macao, China",,src_chinadaily_historic_panda_deaths_2015,partial,draft,China Daily reports a six-year-old Xing Xing died in Macao on 2014-06-22 of kidney failure and hemorrhagic colitis.
evt_taotao_jinan_death,tao-tao-jinan,death,2007-10-08,day,"Jinan Zoo, Jinan, Shandong Province, China",,src_chinadaily_historic_panda_deaths_2015,partial,draft,China Daily reports 36-year-old female Tao Tao died of hypertension at Jinan Zoo on 2007-10-08.
evt_taotao_fuzhou_death,tao-tao-fuzhou,death,,month,"Fuzhou Panda World, Fuzhou, Fujian Province, China",,src_gpg_fuzhou_profiles,needs_primary_source,draft,GPG Fuzhou Panda World page lists Tao Tao as deceased in December 2000; exact day and primary archive still needed.
evt_qingqing_fuzhou_death,qing-qing-fuzhou,death,2011-12-09,day,"Fuzhou Panda World, Fuzhou, Fujian Province, China",,src_gpg_fuzhou_profiles,needs_primary_source,draft,GPG Fuzhou Panda World page lists Qing Qing as deceased on 2011-12-09; primary archive still needed.
evt_malaysia_chenxing_xiaoyue_arrival,chen-xing-malaysia,arrival,2025-11-18,day,"Zoo Negara Malaysia, Kuala Lumpur, Malaysia",xiao-yue-malaysia,src_chinadaily_malaysia_chenxing_xiaoyue_transfer,partial,draft,Xinhua/China Daily reports Chen Xing and Xiao Yue arrived in Malaysia on 2025-11-18.
evt_malaysia_chenxing_xiaoyue_public_debut,chen-xing-malaysia,public_debut,2026-01-11,day,"Zoo Negara Malaysia, Kuala Lumpur, Malaysia",xiao-yue-malaysia,src_china_embassy_malaysia_chenxing_xiaoyue_debut,verified,draft,Chinese Embassy in Malaysia confirms Chen Xing and Xiao Yue made their public debut at Zoo Negara Malaysia on 2026-01-11.
evt_mianyang_bingzai_public_display,bing-zai,public_debut,2025-12-29,day,"Mianyang Giant Panda Garden, Mianyang, Sichuan Province, China",,src_chinadaily_mianyang_garden_public_2025,partial,draft,China Daily photo report identifies Bing Zai during the Mianyang Giant Panda Garden public opening.
evt_mianyang_fuwa_public_display,fu-wa-chengdu-2003,public_debut,2025-12-29,day,"Mianyang Giant Panda Garden, Mianyang, Sichuan Province, China",,src_chinadaily_mianyang_garden_public_2025,partial,draft,China Daily photo report identifies Fu Wa during the Mianyang Giant Panda Garden public opening.
evt_mianyang_fengyi_public_display,liang-liang-my,public_debut,2025-12-29,day,"Mianyang Giant Panda Garden, Mianyang, Sichuan Province, China",,src_chinadaily_mianyang_garden_public_2025,partial,draft,China Daily photo report identifies Feng Yi during the Mianyang Giant Panda Garden public opening.
evt_yongba_rescue,yong-ba,rescue,,month,"Baoxing County, Sichuan Province, China",,src_gpg_yongba_death,needs_primary_source,draft,GPG Yong Ba obituary says Yong Ba was rescued in Baoxing in September 1992.
evt_yongba_death,yong-ba,death,2011-12-04,day,"CCRCGP Bifengxia Base, Ya'an, Sichuan Province, China",,src_gpg_yongba_death,needs_primary_source,draft,GPG Yong Ba obituary says Yong Ba died at Bifengxia on 2011-12-04.
evt_jinzhu_death,jin-zhu,death,2014-10-14,day,"CCRCGP Ya'an Base, Ya'an, Sichuan Province, China",,src_gpg_jinzhu_profile,needs_primary_source,draft,GPG Jin Zhu detail page lists Jin Zhu as deceased on 2014-10-14; primary holder/studbook confirmation still needed.
evt_yuanyuan_sandiego_death,yuan-yuan-sandiego,death,,month,"Fuzhou Panda World, Fuzhou, Fujian Province, China",,src_pandanews_yuanyuan_282,needs_primary_source,draft,PandaNews lists San Diego/Fuzhou Yuan Yuan as deceased in July 1995 at Fuzhou Panda World; exact day and primary archive still needed.
evt_chiachia_london_arrival,chia-chia-mexico,arrival,1974-09-14,day,"London Zoo, London, United Kingdom",,src_gpg_chiachia_profile;src_zsl_history_london_pandas,partial,draft,GPG Chia Chia detail page lists London Zoo residence from 1974-09-14; ZSL history confirms London Zoo context.
evt_chiachia_smithsonian_loan,chia-chia-mexico,transfer,1981-03-06,day,"London Zoo to Smithsonian National Zoo, Washington, D.C.",,src_gpg_chiachia_profile,needs_primary_source,draft,GPG Chia Chia detail page lists a Smithsonian National Zoo loan from 1981-03-06 to 1981-07-10; primary archive still needed.
evt_chiachia_cincinnati_loan,chia-chia-mexico,transfer,1988-09-02,day,"London Zoo to Cincinnati Zoo & Botanical Garden, Cincinnati, United States",,src_gpg_chiachia_profile,needs_primary_source,draft,GPG Chia Chia detail page lists a Cincinnati Zoo loan from 1988-09-02 to 1988-11-30; primary archive still needed.
evt_chiachia_chapultepec_transfer,chia-chia-mexico,transfer,1988-11-30,day,"Cincinnati Zoo to Chapultepec Zoo, Mexico City, Mexico",,src_gpg_chiachia_profile,needs_primary_source,draft,GPG Chia Chia detail page lists transfer to Chapultepec Zoo on 1988-11-30; primary archive still needed.
evt_chiachia_death,chia-chia-mexico,death,1991-10-13,day,"Chapultepec Zoo, Mexico City, Mexico",,src_gpg_chiachia_profile,needs_primary_source,draft,GPG Chia Chia detail page lists death at Chapultepec Zoo on 1991-10-13; primary archive still needed.
evt_zooatlanta_xi_lun_birth,xi-lun,birth,2016-09-03,day,Zoo Atlanta,lun-lun;yang-yang;ya-lun,src_zooatlanta_cubs_birth;src_zooatlanta_twins_names,verified,approved,"Official sources record birth date, sex, twin, and parents."
evt_zooatlanta_xi_lun_public_debut,xi-lun,public_debut,2016-12-27,day,Zoo Atlanta,lun-lun;ya-lun,src_zooatlanta_2016_public_debut,verified,approved,First reviewed public dayroom milestone.
evt_zooatlanta_xi_lun_return,xi-lun,transfer,2024-10-12,day,Zoo Atlanta to Chengdu Research Base of Giant Panda Breeding,lun-lun;yang-yang;ya-lun,src_zooatlanta_arrival_china_2024,verified,approved,Curation-only direct row; normalized Public Release extends the shared multi-participant return event.
